{"nb": 0.4268292682926829, "lr": 0.5487804878048781, "svm": 0.6585365853658537}